Index,Event,Trigger,Parameters,Example DataLayer Push,Page / Context
1,scroll_depth,User scrolls to 25% of post,scroll_percentage · content_id · time_to_scroll,"{""event"":""scroll_depth"",""scroll_percentage"":25,""content_id"":""getting-started-with-ga4"",""time_to_scroll"":8}",All blog posts — when user scrolls to 25%
2,scroll_depth,User scrolls to 50% of post,scroll_percentage · content_id · time_to_scroll,"{""event"":""scroll_depth"",""scroll_percentage"":50,""content_id"":""getting-started-with-ga4"",""time_to_scroll"":25}",All blog posts — when user scrolls to 50%
3,scroll_depth,User scrolls to 75% of post,scroll_percentage · content_id · time_to_scroll,"{""event"":""scroll_depth"",""scroll_percentage"":75,""content_id"":""getting-started-with-ga4"",""time_to_scroll"":45}",All blog posts — when user scrolls to 75%
4,scroll_depth,User scrolls to 100% (bottom) of post,scroll_percentage · content_id · time_to_scroll,"{""event"":""scroll_depth"",""scroll_percentage"":100,""content_id"":""getting-started-with-ga4"",""time_to_scroll"":120}",All blog posts — when user scrolls to 100%
5,engagement_time,User leaves post after active reading,engagement_duration_seconds · content_id · content_category,"{""event"":""engagement_time"",""engagement_duration_seconds"":142,""content_id"":""getting-started-with-ga4"",""content_category"":""Analytics""}",All blog posts — on beforeunload (minimum 5 seconds)
6,engagement_time,User navigates away from post,engagement_duration_seconds · content_id · content_category,"{""event"":""engagement_time"",""engagement_duration_seconds"":87,""content_id"":""beautiful-dashboards"",""content_category"":""Design""}",All blog posts — excludes time when tab is in background
7,code_copy,User clicks Copy button on code snippet,code_language · code_lines · content_id · snippet_index,"{""event"":""code_copy"",""code_language"":""javascript"",""code_lines"":5,""content_id"":""getting-started-with-ga4"",""snippet_index"":1}",Blog posts with code blocks — when user clicks copy button
8,code_copy,User copies SQL code snippet,code_language · code_lines · content_id · snippet_index,"{""event"":""code_copy"",""code_language"":""sql"",""code_lines"":12,""content_id"":""analytics-doc-automation"",""snippet_index"":0}",Blog posts with database/SQL examples
9,code_copy,User copies CSS code snippet,code_language · code_lines · content_id · snippet_index,"{""event"":""code_copy"",""code_language"":""css"",""code_lines"":8,""content_id"":""design-principles-for-data-products"",""snippet_index"":2}",Blog posts with CSS/styling examples
